times,difficulty,pass_num,total_num,accuracy
3,A,168,189,0.8888888888888888
3,B,151,189,0.798941798941799
3,C,93,189,0.49206349206349204
3,D,42,189,0.2222222222222222
