difficulty,pass_num,total_num,accuracy
A,842,1237,0.6806790622473726
B,879,1619,0.5429277331686226
C,449,1577,0.284717818642993
D,153,1391,0.10999281092739037
