times,difficulty,pass_num,total_num,accuracy
1,A,161,189,0.8518518518518519
1,B,135,189,0.7142857142857143
1,C,99,189,0.5238095238095238
1,D,45,189,0.23809523809523808
