difficulty,pass_num,total_num,accuracy
A,758,1435,0.5282229965156794
B,724,1756,0.4123006833712984
C,415,1792,0.23158482142857142
D,144,1775,0.08112676056338028
