difficulty,pass_num,total_num,accuracy
A,739,1402,0.5271041369472182
B,705,1757,0.4012521343198634
C,405,1787,0.22663682148852826
D,136,1766,0.07701019252548132
