times,difficulty,pass_num,total_num,accuracy
5,A,160,189,0.8465608465608465
5,B,135,189,0.7142857142857143
5,C,108,189,0.5714285714285714
5,D,46,189,0.24338624338624337
