difficulty,pass_num,total_num,accuracy
A,739,1436,0.5146239554317549
B,728,1738,0.4188722669735328
C,395,1798,0.21968854282536152
D,132,1744,0.07568807339449542
