difficulty,pass_num,total_num,accuracy
A,756,1447,0.5224602626123013
B,751,1744,0.43061926605504586
C,406,1800,0.22555555555555556
D,137,1748,0.07837528604118993
