difficulty,pass_num,total_num,accuracy
C,482,1702,0.2831962397179788
C,471,1761,0.2674616695059625
C,438,1648,0.2657766990291262
C,499,1596,0.31265664160401
C,552,1774,0.3111612175873732
,488.4,1696.2,0.28805049348889017
