times,difficulty,pass_num,total_num,accuracy
2,A,167,189,0.8835978835978836
2,B,154,189,0.8148148148148148
2,C,102,189,0.5396825396825397
2,D,50,189,0.26455026455026454
