difficulty,pass_num,total_num,accuracy
A,878,1343,0.6537602382725242
B,858,1698,0.5053003533568905
C,471,1761,0.2674616695059625
D,182,1804,0.1008869179600887
