difficulty,pass_num,total_num,accuracy
A,151,189,0.798941798941799
B,115,189,0.6084656084656085
C,68,189,0.35978835978835977
D,21,189,0.1111111111111111
