difficulty,pass_num,total_num,accuracy
A,101,189,0.5343915343915344
B,75,189,0.3968253968253968
C,35,189,0.18518518518518517
D,12,189,0.06349206349206349
