times,difficulty,pass_num,total_num,accuracy
4,A,160,189,0.8465608465608465
4,B,138,189,0.7301587301587301
4,C,110,189,0.582010582010582
4,D,50,189,0.26455026455026454
