difficulty,pass_num,total_num,accuracy
A,732,1412,0.5184135977337111
B,717,1728,0.4149305555555556
C,413,1783,0.2316320807627594
D,146,1748,0.08352402745995423
