difficulty,pass_num,total_num,accuracy
A,743,1426,0.5210378681626928
B,736,1738,0.4234752589182969
C,427,1789,0.23868082727780884
D,158,1758,0.08987485779294653
