times,difficulty,pass_num,total_num,accuracy
4,A,165,189,0.873015873015873
4,B,134,189,0.708994708994709
4,C,84,189,0.4444444444444444
4,D,30,189,0.15873015873015872
