difficulty,pass_num,total_num,accuracy
A,860,1258,0.6836248012718601
B,872,1515,0.5755775577557756
C,439,1328,0.3305722891566265
D,125,974,0.12833675564681724
