difficulty,pass_num,total_num,accuracy
A,739,1402,0.5271041369472182
A,728,1386,0.5252525252525253
A,737,1415,0.5208480565371024
A,732,1412,0.5184135977337111
A,739,1436,0.5146239554317549
,735.0,1410.2,0.5212484543804624
