difficulty,pass_num,total_num,accuracy
A,758,1435,0.5282229965156794
A,737,1403,0.5253029223093372
A,747,1433,0.5212840195394278
A,743,1426,0.5210378681626928
A,756,1447,0.5224602626123013
,748.2,1428.8,0.5236616138278878
