difficulty,pass_num,total_num,accuracy
B,705,1757,0.4012521343198634
B,734,1703,0.4310041103934233
B,687,1730,0.3971098265895953
B,717,1728,0.4149305555555556
B,728,1738,0.4188722669735328
,714.2,1731.2,0.41263377876639407
