difficulty,pass_num,total_num,accuracy
C,405,1787,0.2266368214885282
C,376,1718,0.2188591385331781
C,405,1788,0.2265100671140939
C,413,1783,0.2316320807627594
C,395,1798,0.2196885428253615
,398.8,1774.8,0.22466533014478424
