difficulty,pass_num,total_num,accuracy
D,136,1766,0.0770101925254813
D,134,1715,0.078134110787172
D,143,1764,0.0810657596371882
D,146,1748,0.0835240274599542
D,132,1744,0.0756880733944954
,138.2,1747.4,0.07908443276085822
