times,difficulty,pass_num,total_num,accuracy
4,A,162,189,0.8571428571428571
4,B,140,189,0.7407407407407407
4,C,103,189,0.544973544973545
4,D,50,189,0.26455026455026454
