difficulty,pass_num,total_num,accuracy
A,819,1355,0.6044280442804428
B,842,1631,0.5162477007970571
C,499,1596,0.31265664160401
D,167,1524,0.10958005249343832
