times,difficulty,pass_num,total_num,accuracy
3,A,164,189,0.8677248677248677
3,B,144,189,0.7619047619047619
3,C,97,189,0.5132275132275133
3,D,43,189,0.2275132275132275
