difficulty,pass_num,total_num,accuracy
A,856,1346,0.6359583952451708
B,811,1594,0.5087829360100377
C,438,1648,0.2657766990291262
D,151,1622,0.09309494451294698
