times,difficulty,pass_num,total_num,accuracy
5,A,168,189,0.8888888888888888
5,B,149,189,0.7883597883597884
5,C,115,189,0.6084656084656085
5,D,64,189,0.3386243386243386
