difficulty,pass_num,total_num,accuracy
A,849,1249,0.6797437950360288
B,922,1693,0.544595392793857
C,592,1813,0.32653061224489793
D,208,1837,0.11322808927599347
