difficulty,pass_num,total_num,accuracy
A,150,189,0.7936507936507936
B,111,189,0.5873015873015873
C,53,189,0.2804232804232804
D,13,189,0.06878306878306878
