difficulty,pass_num,total_num,accuracy
A,149,189,0.7883597883597884
B,109,189,0.5767195767195767
C,60,189,0.31746031746031744
D,15,189,0.07936507936507936
