language,problem_number,difficulty,suggestion_number,test_case_number,all_test_case_number,accuracy
ja,234,D,0,1,28,0.03571428571428571
ja,234,D,1,1,28,0.03571428571428571
ja,234,D,2,0,28,0.0
ja,234,D,3,4,28,0.14285714285714285
ja,234,D,4,2,28,0.07142857142857142
ja,234,D,5,0,28,0.0
ja,234,D,6,0,28,0.0
ja,234,D,7,1,28,0.03571428571428571
ja,234,D,8,2,28,0.07142857142857142
ja,234,D,9,1,28,0.03571428571428571
