difficulty,pass_num,total_num,accuracy
A,112,189,0.5925925925925926
B,77,189,0.4074074074074074
C,40,189,0.21164021164021163
D,15,189,0.07936507936507936
