difficulty,pass_num,total_num,accuracy
A,149,189,0.7883597883597884
B,114,189,0.6031746031746031
C,57,189,0.30158730158730157
D,20,189,0.10582010582010581
