times,difficulty,pass_num,total_num,accuracy
1,A,170,189,0.8994708994708994
1,B,157,189,0.8306878306878307
1,C,105,189,0.5555555555555556
1,D,43,189,0.2275132275132275
