difficulty,pass_num,total_num,accuracy
A,857,1248,0.686698717948718
B,872,1651,0.5281647486371895
C,482,1668,0.28896882494004794
D,170,1697,0.10017678255745432
