difficulty,pass_num,total_num,accuracy
A,100,189,0.5291005291005291
B,83,189,0.43915343915343913
C,35,189,0.18518518518518517
D,9,189,0.047619047619047616
