difficulty,pass_num,total_num,accuracy
A,148,189,0.783068783068783
B,112,189,0.5925925925925926
C,58,189,0.30687830687830686
D,22,189,0.1164021164021164
