difficulty,pass_num,total_num,accuracy
A,110,189,0.582010582010582
B,81,189,0.42857142857142855
C,37,189,0.19576719576719576
D,15,189,0.07936507936507936
