times,difficulty,pass_num,total_num,accuracy
3,A,159,189,0.8412698412698413
3,B,144,189,0.7619047619047619
3,C,100,189,0.5291005291005291
3,D,45,189,0.23809523809523808
