difficulty,pass_num,total_num,accuracy
A,737,1415,0.5208480565371024
B,687,1730,0.39710982658959537
C,405,1788,0.22651006711409397
D,143,1764,0.0810657596371882
