difficulty,pass_num,total_num,accuracy
A,747,1433,0.5212840195394278
B,701,1734,0.40426758938869667
C,420,1793,0.23424428332403793
D,150,1777,0.08441193021947102
