difficulty,pass_num,total_num,accuracy
A,103,189,0.544973544973545
B,81,189,0.42857142857142855
C,38,189,0.20105820105820105
D,14,189,0.07407407407407407
