times,difficulty,pass_num,total_num,accuracy
1,A,162,189,0.8571428571428571
1,B,158,189,0.8359788359788359
1,C,103,189,0.544973544973545
1,D,45,189,0.23809523809523808
