difficulty,pass_num,total_num,accuracy
A,15,17,0.8823529411764706
B,7,18,0.3888888888888889
C,0,10,0.0
D,2,10,0.2
