difficulty,pass_num,total_num,accuracy
A,864,1357,0.636698599852616
B,860,1686,0.5100830367734283
C,482,1702,0.28319623971797886
D,172,1657,0.10380205190102595
