times,difficulty,pass_num,total_num,accuracy
2,A,157,189,0.8306878306878307
2,B,138,189,0.7301587301587301
2,C,103,189,0.544973544973545
2,D,46,189,0.24338624338624337
