difficulty,pass_num,total_num,accuracy
A,728,1386,0.5252525252525253
B,734,1703,0.43100411039342335
C,376,1718,0.21885913853317812
D,134,1715,0.07813411078717201
