difficulty,pass_num,total_num,accuracy
A,737,1403,0.5253029223093372
B,749,1704,0.4395539906103286
C,388,1724,0.22505800464037123
D,138,1727,0.07990735379270411
