difficulty,pass_num,total_num,accuracy
A,49,1756,0.027904328018223234
B,40,1457,0.027453671928620454
C,36,1760,0.020454545454545454
D,7,1776,0.003941441441441441
