times,difficulty,pass_num,total_num,accuracy
2,A,164,189,0.8677248677248677
2,B,145,189,0.7671957671957672
2,C,95,189,0.5026455026455027
2,D,44,189,0.2328042328042328
