difficulty,pass_num,total_num,accuracy
A,840,1246,0.6741573033707865
B,824,1559,0.5285439384220654
C,454,1597,0.28428303068252975
D,155,1516,0.10224274406332454
