difficulty,pass_num,total_num,accuracy
A,142,189,0.7513227513227513
B,113,189,0.5978835978835979
C,75,189,0.3968253968253968
D,34,189,0.17989417989417988
