difficulty,pass_num,total_num,accuracy
A,142,189,0.7513227513227513
B,113,189,0.5978835978835979
C,64,189,0.3386243386243386
D,21,189,0.1111111111111111
