difficulty,pass_num,total_num,accuracy
A,152,189,0.8042328042328042
B,113,189,0.5978835978835979
C,59,189,0.31216931216931215
D,13,189,0.06878306878306878
