times,difficulty,pass_num,total_num,accuracy
5,A,162,189,0.8571428571428571
5,B,149,189,0.7883597883597884
5,C,116,189,0.6137566137566137
5,D,68,189,0.35978835978835977
