difficulty,pass_num,total_num,accuracy
A,831,1375,0.6043636363636363
B,857,1698,0.5047114252061249
C,552,1774,0.3111612175873732
D,217,1812,0.11975717439293598
