difficulty,pass_num,total_num,accuracy
A,146,189,0.7724867724867724
B,119,189,0.6296296296296297
C,64,189,0.3386243386243386
D,23,189,0.12169312169312169
