difficulty,pass_num,total_num,accuracy
A,133,189,0.7037037037037037
B,110,189,0.582010582010582
C,61,189,0.32275132275132273
D,20,189,0.10582010582010581
